symbol,article
BTCUSDT,Bitcoin
ETHUSDT,Ethereum
SOLUSDT,Solana (blockchain platform)
XRPUSDT,XRP Ledger
DOGEUSDT,Dogecoin
ADAUSDT,Cardano (blockchain platform)
LTCUSDT,Litecoin
BCHUSDT,Bitcoin Cash
LINKUSDT,Chainlink (blockchain)
DOTUSDT,Polkadot (blockchain platform)
AVAXUSDT,Avalanche (blockchain platform)
TRXUSDT,Tron (cryptocurrency)
SHIB1000USDT,Shiba Inu (cryptocurrency)
UNIUSDT,Uniswap
AAVEUSDT,Aave
XLMUSDT,Stellar (payment network)
ETCUSDT,Ethereum Classic
XMRUSDT,Monero
FILUSDT,Filecoin
NEARUSDT,NEAR Protocol
ALGOUSDT,Algorand
VETUSDT,VeChain
APTUSDT,Aptos (blockchain)
ARBUSDT,Arbitrum (blockchain)
OPUSDT,Optimism (blockchain)
1000PEPEUSDT,Pepe (meme coin)
TONUSDT,The Open Network
SUIUSDT,Sui (blockchain)
EOSUSDT,EOS.IO
XTZUSDT,Tezos
MKRUSDT,MakerDAO
MANAUSDT,Decentraland
ZECUSDT,Zcash
DASHUSDT,Dash (cryptocurrency)
WLDUSDT,Worldcoin
CHZUSDT,Chiliz
ENSUSDT,Ethereum Name Service
BNBUSDT,BNB (cryptocurrency)
POLUSDT,Polygon (blockchain)
MATICUSDT,Polygon (blockchain)
AXSUSDT,Axie Infinity
NEOUSDT,Neo (cryptocurrency)
IOTAUSDT,IOTA (technology)
ZILUSDT,Zilliqa
BATUSDT,Basic Attention Token
CAKEUSDT,PancakeSwap
SUSHIUSDT,Sushiswap
1000BONKUSDT,Bonk (meme coin)
WIFUSDT,Dogwifhat
TRUMPUSDT,$Trump (cryptocurrency)
FARTCOINUSDT,Fartcoin
HYPEUSDT,Hyperliquid
FLOWUSDT,Flow (blockchain)
GRTUSDT,The Graph
ATOMUSDT,Cosmos (blockchain)
ICPUSDT,Internet Computer (blockchain)
HBARUSDT,Hedera (distributed ledger)
KASUSDT,Kaspa
1INCHUSDT,1inch
DYDXUSDT,DYdX
